group,tag,count,first_step,last_step,first_value,last_value,delta,min_value,max_value,mean_value,csv_path
episode,episode/ball_joint_speed_gate,300,0,299,27.602325439453125,745.180419921875,717.5780944824219,27.602325439453125,747.486572265625,684.0829247792561,/home/ubuntu/Graduation-Project/RL_Training/logs/rsl_rl/complete_car_stage0/2026-04-16_10-12-26/tensorboard_export/scalars/episode__ball_joint_speed_gate.csv
episode,episode/composite_gate,300,0,299,17.088212966918945,329.9532165527344,312.86500358581543,17.088212966918945,425.03887939453125,333.6904534212748,/home/ubuntu/Graduation-Project/RL_Training/logs/rsl_rl/complete_car_stage0/2026-04-16_10-12-26/tensorboard_export/scalars/episode__composite_gate.csv
episode,episode/force_gate,300,0,299,15.05005931854248,273.3679504394531,258.31789112091064,15.05005931854248,284.43017578125,229.0427621046702,/home/ubuntu/Graduation-Project/RL_Training/logs/rsl_rl/complete_car_stage0/2026-04-16_10-12-26/tensorboard_export/scalars/episode__force_gate.csv
episode,episode/gated_progress,300,0,299,-0.03135564178228378,64.09349060058594,64.12484624236822,-0.7433165311813354,66.80858612060547,30.209588041777412,/home/ubuntu/Graduation-Project/RL_Training/logs/rsl_rl/complete_car_stage0/2026-04-16_10-12-26/tensorboard_export/scalars/episode__gated_progress.csv
episode,episode/goal_direction_offset_deg,300,0,299,-6.358693599700928,0.7829228639602661,7.141616463661194,-17.358877182006836,16.42194938659668,0.07655021626036614,/home/ubuntu/Graduation-Project/RL_Training/logs/rsl_rl/complete_car_stage0/2026-04-16_10-12-26/tensorboard_export/scalars/episode__goal_direction_offset_deg.csv
episode,episode/goal_heading_offset_deg,300,0,299,1.003309965133667,-0.5561493635177612,-1.5594593286514282,-6.231841564178467,8.658221244812012,-0.20622738569043578,/home/ubuntu/Graduation-Project/RL_Training/logs/rsl_rl/complete_car_stage0/2026-04-16_10-12-26/tensorboard_export/scalars/episode__goal_heading_offset_deg.csv
episode,episode/goal_target_x_world,300,0,299,22.491695404052734,17.72999382019043,-4.761701583862305,8.745283126831055,33.72966766357422,20.14320390701294,/home/ubuntu/Graduation-Project/RL_Training/logs/rsl_rl/complete_car_stage0/2026-04-16_10-12-26/tensorboard_export/scalars/episode__goal_target_x_world.csv
episode,episode/goal_target_y_world,300,0,299,0.0847141370177269,-2.7805228233337402,-2.865236960351467,-12.272878646850586,13.604887008666992,-0.20406598642468451,/home/ubuntu/Graduation-Project/RL_Training/logs/rsl_rl/complete_car_stage0/2026-04-16_10-12-26/tensorboard_export/scalars/episode__goal_target_y_world.csv
episode,episode/goal_target_yaw_world,300,0,299,-0.09346908330917358,0.003957934677600861,0.09742701798677444,-0.34895604848861694,0.298862099647522,-0.002263294003593425,/home/ubuntu/Graduation-Project/RL_Training/logs/rsl_rl/complete_car_stage0/2026-04-16_10-12-26/tensorboard_export/scalars/episode__goal_target_yaw_world.csv
episode,episode/heading_gate,300,0,299,37.53887176513672,843.2797241210938,805.740852355957,37.53887176513672,955.2869873046875,835.2192669423421,/home/ubuntu/Graduation-Project/RL_Training/logs/rsl_rl/complete_car_stage0/2026-04-16_10-12-26/tensorboard_export/scalars/episode__heading_gate.csv
episode,episode/lateral_slip_gate,300,0,299,13.480998039245605,137.71932983398438,124.23833179473877,13.480998039245605,313.1585693359375,155.3966831556956,/home/ubuntu/Graduation-Project/RL_Training/logs/rsl_rl/complete_car_stage0/2026-04-16_10-12-26/tensorboard_export/scalars/episode__lateral_slip_gate.csv
episode,episode/longitudinal_slip_gate,300,0,299,0.24477355182170868,8.860689163208008,8.6159156113863,0.24477355182170868,14.94915771484375,10.455455729713043,/home/ubuntu/Graduation-Project/RL_Training/logs/rsl_rl/complete_car_stage0/2026-04-16_10-12-26/tensorboard_export/scalars/episode__longitudinal_slip_gate.csv
episode,episode/progress,300,0,299,-1.398613452911377,1071.9573974609375,1073.3560109138489,-90.2845458984375,1149.58349609375,835.9991718959808,/home/ubuntu/Graduation-Project/RL_Training/logs/rsl_rl/complete_car_stage0/2026-04-16_10-12-26/tensorboard_export/scalars/episode__progress.csv
episode,episode/return,300,0,299,-0.03135564178228378,64.09349060058594,64.12484624236822,-0.7433165311813354,445.1363525390625,41.554305862262844,/home/ubuntu/Graduation-Project/RL_Training/logs/rsl_rl/complete_car_stage0/2026-04-16_10-12-26/tensorboard_export/scalars/episode__return.csv
episode,episode/return_per_step,300,0,299,-3.269618537160568e-05,0.06683366745710373,0.06686636364247533,-0.0007750954246148467,0.4641672968864441,0.04514675989107976,/home/ubuntu/Graduation-Project/RL_Training/logs/rsl_rl/complete_car_stage0/2026-04-16_10-12-26/tensorboard_export/scalars/episode__return_per_step.csv
episode,episode/roll_gate,300,0,299,37.57291793823242,950.4622802734375,912.8893623352051,37.57291793823242,959.0,895.7336668777466,/home/ubuntu/Graduation-Project/RL_Training/logs/rsl_rl/complete_car_stage0/2026-04-16_10-12-26/tensorboard_export/scalars/episode__roll_gate.csv
episode,episode/speed_gate,300,0,299,37.57291793823242,910.353271484375,872.7803535461426,37.57291793823242,959.0,860.416596514384,/home/ubuntu/Graduation-Project/RL_Training/logs/rsl_rl/complete_car_stage0/2026-04-16_10-12-26/tensorboard_export/scalars/episode__speed_gate.csv
episode,episode/target_bonus,300,0,299,0.0,0.0,0.0,0.0,412.11346435546875,11.34471727291743,/home/ubuntu/Graduation-Project/RL_Training/logs/rsl_rl/complete_car_stage0/2026-04-16_10-12-26/tensorboard_export/scalars/episode__target_bonus.csv
episode,episode/vertical_speed_gate,300,0,299,28.832656860351562,899.7412109375,870.9085540771484,28.832656860351562,903.5023803710938,851.861304321289,/home/ubuntu/Graduation-Project/RL_Training/logs/rsl_rl/complete_car_stage0/2026-04-16_10-12-26/tensorboard_export/scalars/episode__vertical_speed_gate.csv
episode,episode/wheel_action_rate_gate,300,0,299,8.657673835754395,651.517822265625,642.8601484298706,8.657673835754395,655.5537109375,432.070816043218,/home/ubuntu/Graduation-Project/RL_Training/logs/rsl_rl/complete_car_stage0/2026-04-16_10-12-26/tensorboard_export/scalars/episode__wheel_action_rate_gate.csv
episode_per_step,episode_per_step/ball_joint_speed_gate,300,0,299,0.028782404959201813,0.7770390510559082,0.7482566460967064,0.028782404959201813,0.7794437408447266,0.7351791790872813,/home/ubuntu/Graduation-Project/RL_Training/logs/rsl_rl/complete_car_stage0/2026-04-16_10-12-26/tensorboard_export/scalars/episode_per_step__ball_joint_speed_gate.csv
episode_per_step,episode_per_step/composite_gate,300,0,299,0.017818782478570938,0.34405967593193054,0.3262408934533596,0.017818782478570938,0.44321054220199585,0.359205732109646,/home/ubuntu/Graduation-Project/RL_Training/logs/rsl_rl/complete_car_stage0/2026-04-16_10-12-26/tensorboard_export/scalars/episode_per_step__composite_gate.csv
episode_per_step,episode_per_step/force_gate,300,0,299,0.01569349132478237,0.2850552201271057,0.26936172880232334,0.01569349132478237,0.30127599835395813,0.24740225423748294,/home/ubuntu/Graduation-Project/RL_Training/logs/rsl_rl/complete_car_stage0/2026-04-16_10-12-26/tensorboard_export/scalars/episode_per_step__force_gate.csv
episode_per_step,episode_per_step/gated_progress,300,0,299,-3.269618537160568e-05,0.06683366745710373,0.06686636364247533,-0.0007750954246148467,0.07238560914993286,0.03331702265249381,/home/ubuntu/Graduation-Project/RL_Training/logs/rsl_rl/complete_car_stage0/2026-04-16_10-12-26/tensorboard_export/scalars/episode_per_step__gated_progress.csv
episode_per_step,episode_per_step/heading_gate,300,0,299,0.03914376720786095,0.8793323040008545,0.8401885367929935,0.03914376720786095,0.996128261089325,0.899975622780621,/home/ubuntu/Graduation-Project/RL_Training/logs/rsl_rl/complete_car_stage0/2026-04-16_10-12-26/tensorboard_export/scalars/episode_per_step__heading_gate.csv
episode_per_step,episode_per_step/lateral_slip_gate,300,0,299,0.014057349413633347,0.1436072289943695,0.12954987958073616,0.014057349413633347,0.3265469968318939,0.166475167311728,/home/ubuntu/Graduation-Project/RL_Training/logs/rsl_rl/complete_car_stage0/2026-04-16_10-12-26/tensorboard_export/scalars/episode_per_step__lateral_slip_gate.csv
episode_per_step,episode_per_step/longitudinal_slip_gate,300,0,299,0.0002552383521106094,0.00923950970172882,0.008984271349618211,0.0002552383521106094,0.015588277950882912,0.01116644906103223,/home/ubuntu/Graduation-Project/RL_Training/logs/rsl_rl/complete_car_stage0/2026-04-16_10-12-26/tensorboard_export/scalars/episode_per_step__longitudinal_slip_gate.csv
episode_per_step,episode_per_step/progress,300,0,299,-0.001458408311009407,1.1177866458892822,1.1192450542002916,-0.09414446353912354,1.2937910556793213,0.9077323379456842,/home/ubuntu/Graduation-Project/RL_Training/logs/rsl_rl/complete_car_stage0/2026-04-16_10-12-26/tensorboard_export/scalars/episode_per_step__progress.csv
episode_per_step,episode_per_step/roll_gate,300,0,299,0.03917926922440529,0.9910972118377686,0.9519179426133633,0.03917926922440529,1.0,0.9631224766001105,/home/ubuntu/Graduation-Project/RL_Training/logs/rsl_rl/complete_car_stage0/2026-04-16_10-12-26/tensorboard_export/scalars/episode_per_step__roll_gate.csv
episode_per_step,episode_per_step/speed_gate,300,0,299,0.03917926922440529,0.9492735266685486,0.9100942574441433,0.03917926922440529,1.0,0.9239983955646555,/home/ubuntu/Graduation-Project/RL_Training/logs/rsl_rl/complete_car_stage0/2026-04-16_10-12-26/tensorboard_export/scalars/episode_per_step__speed_gate.csv
episode_per_step,episode_per_step/target_bonus,300,0,299,0.0,0.0,0.0,0.0,0.42973244190216064,0.011829736813281973,/home/ubuntu/Graduation-Project/RL_Training/logs/rsl_rl/complete_car_stage0/2026-04-16_10-12-26/tensorboard_export/scalars/episode_per_step__target_bonus.csv
episode_per_step,episode_per_step/vertical_speed_gate,300,0,299,0.03006533533334732,0.9382076263427734,0.9081422910094261,0.03006533533334732,0.9421297907829285,0.915110227788488,/home/ubuntu/Graduation-Project/RL_Training/logs/rsl_rl/complete_car_stage0/2026-04-16_10-12-26/tensorboard_export/scalars/episode_per_step__vertical_speed_gate.csv
episode_per_step,episode_per_step/wheel_action_rate_gate,300,0,299,0.0090278135612607,0.6793720722198486,0.6703442586585879,0.0090278135612607,0.7083112001419067,0.4697322336863726,/home/ubuntu/Graduation-Project/RL_Training/logs/rsl_rl/complete_car_stage0/2026-04-16_10-12-26/tensorboard_export/scalars/episode_per_step__wheel_action_rate_gate.csv
episode_reset,episode_reset/bad_orientation_rate,300,0,299,0.0,0.0,0.0,0.0,0.0,0.0,/home/ubuntu/Graduation-Project/RL_Training/logs/rsl_rl/complete_car_stage0/2026-04-16_10-12-26/tensorboard_export/scalars/episode_reset__bad_orientation_rate.csv
episode_reset,episode_reset/ball_joint_limit_rate,300,0,299,0.0,0.0,0.0,0.0,0.8020833730697632,0.047951390147209165,/home/ubuntu/Graduation-Project/RL_Training/logs/rsl_rl/complete_car_stage0/2026-04-16_10-12-26/tensorboard_export/scalars/episode_reset__ball_joint_limit_rate.csv
episode_reset,episode_reset/terminated_rate,300,0,299,0.0,0.0,0.0,0.0,0.8020833730697632,0.047951390147209165,/home/ubuntu/Graduation-Project/RL_Training/logs/rsl_rl/complete_car_stage0/2026-04-16_10-12-26/tensorboard_export/scalars/episode_reset__terminated_rate.csv
episode_reset,episode_reset/time_out_rate,300,0,299,0.96875,1.0,0.03125,0.1979166716337204,1.0,0.9519444491962592,/home/ubuntu/Graduation-Project/RL_Training/logs/rsl_rl/complete_car_stage0/2026-04-16_10-12-26/tensorboard_export/scalars/episode_reset__time_out_rate.csv
Action,Action/policy_abs_mean,300,0,299,0.2865522503852844,0.6883302927017212,0.40177804231643677,0.28621864318847656,0.7210078239440918,0.635984208881855,/home/ubuntu/Graduation-Project/RL_Training/logs/rsl_rl/complete_car_stage0/2026-04-16_10-12-26/tensorboard_export/scalars/Action__policy_abs_mean.csv
Action,Action/policy_std,300,0,299,0.35771065950393677,0.5909594297409058,0.233248770236969,0.35771065950393677,0.6018888354301453,0.5401702551047007,/home/ubuntu/Graduation-Project/RL_Training/logs/rsl_rl/complete_car_stage0/2026-04-16_10-12-26/tensorboard_export/scalars/Action__policy_std.csv
Action,Action/processed_abs_mean,300,0,299,0.2865522503852844,0.6883302927017212,0.40177804231643677,0.28621864318847656,0.7210078239440918,0.635984208881855,/home/ubuntu/Graduation-Project/RL_Training/logs/rsl_rl/complete_car_stage0/2026-04-16_10-12-26/tensorboard_export/scalars/Action__processed_abs_mean.csv
Action,Action/processed_std,300,0,299,0.35771065950393677,0.5909594297409058,0.233248770236969,0.35771065950393677,0.6018888354301453,0.5401702551047007,/home/ubuntu/Graduation-Project/RL_Training/logs/rsl_rl/complete_car_stage0/2026-04-16_10-12-26/tensorboard_export/scalars/Action__processed_std.csv
Command,Command/goal_direction_offset_deg,300,0,299,-1.138530969619751,1.8857429027557373,3.0242738723754883,-3.433101177215576,3.9375038146972656,0.42588924440244835,/home/ubuntu/Graduation-Project/RL_Training/logs/rsl_rl/complete_car_stage0/2026-04-16_10-12-26/tensorboard_export/scalars/Command__goal_direction_offset_deg.csv
Command,Command/goal_heading_offset_deg,300,0,299,-0.7263168692588806,-1.1936837434768677,-0.46736687421798706,-2.344451904296875,1.3398187160491943,-0.1896108629802863,/home/ubuntu/Graduation-Project/RL_Training/logs/rsl_rl/complete_car_stage0/2026-04-16_10-12-26/tensorboard_export/scalars/Command__goal_heading_offset_deg.csv
Command,Command/goal_rel_psi,300,0,299,0.03919592499732971,0.017317600548267365,-0.021878324449062347,-0.5374646186828613,1.1541204452514648,-0.015470344191029047,/home/ubuntu/Graduation-Project/RL_Training/logs/rsl_rl/complete_car_stage0/2026-04-16_10-12-26/tensorboard_export/scalars/Command__goal_rel_psi.csv
Command,Command/goal_rel_x,300,0,299,19.499311447143555,6.888052940368652,-12.611258506774902,0.3854053020477295,19.636096954345703,8.70565842628479,/home/ubuntu/Graduation-Project/RL_Training/logs/rsl_rl/complete_car_stage0/2026-04-16_10-12-26/tensorboard_export/scalars/Command__goal_rel_x.csv
Command,Command/goal_rel_y,300,0,299,0.9855791330337524,-2.559943914413452,-3.5455230474472046,-6.229867458343506,10.405193328857422,-1.7969112026008467,/home/ubuntu/Graduation-Project/RL_Training/logs/rsl_rl/complete_car_stage0/2026-04-16_10-12-26/tensorboard_export/scalars/Command__goal_rel_y.csv
Command,Command/goal_target_x_world,300,0,299,19.422470092773438,19.442337036132812,0.019866943359375,19.29263687133789,19.658069610595703,19.464793853759765,/home/ubuntu/Graduation-Project/RL_Training/logs/rsl_rl/complete_car_stage0/2026-04-16_10-12-26/tensorboard_export/scalars/Command__goal_target_x_world.csv
Command,Command/goal_target_y_world,300,0,299,-0.341678261756897,0.6864458918571472,1.0281241536140442,-1.0721207857131958,1.3998723030090332,0.14699198826216162,/home/ubuntu/Graduation-Project/RL_Training/logs/rsl_rl/complete_car_stage0/2026-04-16_10-12-26/tensorboard_export/scalars/Command__goal_target_y_world.csv
Command,Command/goal_target_yaw_world,300,0,299,-0.032547734677791595,0.01207871176302433,0.044626446440815926,-0.07021641731262207,0.08391766995191574,0.004123834964508812,/home/ubuntu/Graduation-Project/RL_Training/logs/rsl_rl/complete_car_stage0/2026-04-16_10-12-26/tensorboard_export/scalars/Command__goal_target_yaw_world.csv
Observation,Observation/ball_joint_pos_abs_mean_raw,300,0,299,0.030891811475157738,0.4739399552345276,0.44304814375936985,0.030891811475157738,0.49021005630493164,0.37322847595438363,/home/ubuntu/Graduation-Project/RL_Training/logs/rsl_rl/complete_car_stage0/2026-04-16_10-12-26/tensorboard_export/scalars/Observation__ball_joint_pos_abs_mean_raw.csv
Observation,Observation/ball_joint_target_error_abs_mean_raw,300,0,299,0.16917037963867188,0.16293323040008545,-0.006237149238586426,0.14881698787212372,0.19581490755081177,0.16691197648644449,/home/ubuntu/Graduation-Project/RL_Training/logs/rsl_rl/complete_car_stage0/2026-04-16_10-12-26/tensorboard_export/scalars/Observation__ball_joint_target_error_abs_mean_raw.csv
Observation,Observation/ball_joint_vel_abs_mean_raw,300,0,299,0.41530126333236694,0.38415902853012085,-0.031142234802246094,0.3763296604156494,0.4682193398475647,0.41058374653259916,/home/ubuntu/Graduation-Project/RL_Training/logs/rsl_rl/complete_car_stage0/2026-04-16_10-12-26/tensorboard_export/scalars/Observation__ball_joint_vel_abs_mean_raw.csv
Observation,Observation/base_ang_vel_yaw_raw,300,0,299,-0.05090022832155228,-0.06347663700580597,-0.012576408684253693,-0.20249000191688538,0.12651529908180237,-0.02541349848615937,/home/ubuntu/Graduation-Project/RL_Training/logs/rsl_rl/complete_car_stage0/2026-04-16_10-12-26/tensorboard_export/scalars/Observation__base_ang_vel_yaw_raw.csv
Observation,Observation/base_lin_vel_x_raw,300,0,299,-0.03800436481833458,1.2786505222320557,1.3166548870503902,-0.03800436481833458,1.5261037349700928,1.2784764185299475,/home/ubuntu/Graduation-Project/RL_Training/logs/rsl_rl/complete_car_stage0/2026-04-16_10-12-26/tensorboard_export/scalars/Observation__base_lin_vel_x_raw.csv
Observation,Observation/base_lin_vel_y_raw,300,0,299,0.01849958673119545,-0.021204959601163864,-0.039704546332359314,-0.086878702044487,0.16920465230941772,-0.0028036743707586234,/home/ubuntu/Graduation-Project/RL_Training/logs/rsl_rl/complete_car_stage0/2026-04-16_10-12-26/tensorboard_export/scalars/Observation__base_lin_vel_y_raw.csv
Observation,Observation/goal_rel_psi_raw,300,0,299,0.03919592499732971,0.017317600548267365,-0.021878324449062347,-0.5374646186828613,1.1541204452514648,-0.015470344191029047,/home/ubuntu/Graduation-Project/RL_Training/logs/rsl_rl/complete_car_stage0/2026-04-16_10-12-26/tensorboard_export/scalars/Observation__goal_rel_psi_raw.csv
Observation,Observation/goal_rel_x_raw,300,0,299,19.499311447143555,6.888052940368652,-12.611258506774902,0.3854053020477295,19.636096954345703,8.70565842628479,/home/ubuntu/Graduation-Project/RL_Training/logs/rsl_rl/complete_car_stage0/2026-04-16_10-12-26/tensorboard_export/scalars/Observation__goal_rel_x_raw.csv
Observation,Observation/goal_rel_y_raw,300,0,299,0.9855791330337524,-2.559943914413452,-3.5455230474472046,-6.229867458343506,10.405193328857422,-1.7969112026008467,/home/ubuntu/Graduation-Project/RL_Training/logs/rsl_rl/complete_car_stage0/2026-04-16_10-12-26/tensorboard_export/scalars/Observation__goal_rel_y_raw.csv
Observation,Observation/head_roll_pitch_abs_mean_raw,300,0,299,0.008748382329940796,0.7095507979393005,0.7008024156093597,0.008722357451915741,0.7224327921867371,0.5533861607747773,/home/ubuntu/Graduation-Project/RL_Training/logs/rsl_rl/complete_car_stage0/2026-04-16_10-12-26/tensorboard_export/scalars/Observation__head_roll_pitch_abs_mean_raw.csv
Observation,Observation/last_action_abs_mean_raw,300,0,299,0.2834181487560272,0.6875714659690857,0.40415331721305847,0.2834181487560272,0.720586895942688,0.6353105726838112,/home/ubuntu/Graduation-Project/RL_Training/logs/rsl_rl/complete_car_stage0/2026-04-16_10-12-26/tensorboard_export/scalars/Observation__last_action_abs_mean_raw.csv
Observation,Observation/projected_gravity_xy_norm_raw,300,0,299,0.013859412632882595,0.339653342962265,0.3257939303293824,0.013859412632882595,0.36180543899536133,0.3033652019562821,/home/ubuntu/Graduation-Project/RL_Training/logs/rsl_rl/complete_car_stage0/2026-04-16_10-12-26/tensorboard_export/scalars/Observation__projected_gravity_xy_norm_raw.csv
Observation,Observation/tail_roll_pitch_abs_mean_raw,300,0,299,0.007058069109916687,0.1389557123184204,0.13189764320850372,0.006351171992719173,0.14469538629055023,0.12230171649251133,/home/ubuntu/Graduation-Project/RL_Training/logs/rsl_rl/complete_car_stage0/2026-04-16_10-12-26/tensorboard_export/scalars/Observation__tail_roll_pitch_abs_mean_raw.csv
Observation,Observation/tilt_deg,300,0,299,0.7941460609436035,19.88767433166504,19.093528270721436,0.7941460609436035,21.22184944152832,17.74045237382253,/home/ubuntu/Graduation-Project/RL_Training/logs/rsl_rl/complete_car_stage0/2026-04-16_10-12-26/tensorboard_export/scalars/Observation__tilt_deg.csv
Observation,Observation/wheel_joint_vel_abs_mean_raw,300,0,299,3.33304762840271,8.175029754638672,4.841982126235962,3.3048512935638428,9.044384956359863,8.049102877775828,/home/ubuntu/Graduation-Project/RL_Training/logs/rsl_rl/complete_car_stage0/2026-04-16_10-12-26/tensorboard_export/scalars/Observation__wheel_joint_vel_abs_mean_raw.csv
Observation,Observation/wheel_longitudinal_slip_abs_mean_raw,300,0,299,0.9271833896636963,0.8644803762435913,-0.06270301342010498,0.802722156047821,0.9392992258071899,0.8501379505793254,/home/ubuntu/Graduation-Project/RL_Training/logs/rsl_rl/complete_car_stage0/2026-04-16_10-12-26/tensorboard_export/scalars/Observation__wheel_longitudinal_slip_abs_mean_raw.csv
Observation,Observation/wheel_normal_contact_force_abs_mean_raw,300,0,299,0.16811621189117432,0.1333737075328827,-0.034742504358291626,0.1315581202507019,0.16811621189117432,0.14888536736369132,/home/ubuntu/Graduation-Project/RL_Training/logs/rsl_rl/complete_car_stage0/2026-04-16_10-12-26/tensorboard_export/scalars/Observation__wheel_normal_contact_force_abs_mean_raw.csv
Observation,Observation/wheel_normal_contact_force_sum_raw,300,0,299,1.008697271347046,0.8002421855926514,-0.20845508575439453,0.7893487215042114,1.008697271347046,0.893312158981959,/home/ubuntu/Graduation-Project/RL_Training/logs/rsl_rl/complete_car_stage0/2026-04-16_10-12-26/tensorboard_export/scalars/Observation__wheel_normal_contact_force_sum_raw.csv
Observation,Observation/wheel_slip_angle_abs_mean_raw,300,0,299,0.46135780215263367,0.8033452033996582,0.34198740124702454,0.3912508487701416,0.8310518264770508,0.743658508559068,/home/ubuntu/Graduation-Project/RL_Training/logs/rsl_rl/complete_car_stage0/2026-04-16_10-12-26/tensorboard_export/scalars/Observation__wheel_slip_angle_abs_mean_raw.csv
Reward,Reward/ball_joint_speed_gate,300,0,299,0.7446718215942383,0.7744539976119995,0.02978217601776123,0.6912791132926941,0.7828893661499023,0.7490005274613698,/home/ubuntu/Graduation-Project/RL_Training/logs/rsl_rl/complete_car_stage0/2026-04-16_10-12-26/tensorboard_export/scalars/Reward__ball_joint_speed_gate.csv
Reward,Reward/composite_gate,300,0,299,0.4587401747703552,0.3310140371322632,-0.12772613763809204,0.2971264123916626,0.46529555320739746,0.3642987763881683,/home/ubuntu/Graduation-Project/RL_Training/logs/rsl_rl/complete_car_stage0/2026-04-16_10-12-26/tensorboard_export/scalars/Reward__composite_gate.csv
Reward,Reward/force_gate,300,0,299,0.31846439838409424,0.2882983684539795,-0.030166029930114746,0.21126000583171844,0.31846439838409424,0.25209154466787975,/home/ubuntu/Graduation-Project/RL_Training/logs/rsl_rl/complete_car_stage0/2026-04-16_10-12-26/tensorboard_export/scalars/Reward__force_gate.csv
Reward,Reward/gated_progress,300,0,299,-0.0006591806886717677,0.05555914342403412,0.056218324112705886,-0.0006591806886717677,0.07388865202665329,0.034385709300016366,/home/ubuntu/Graduation-Project/RL_Training/logs/rsl_rl/complete_car_stage0/2026-04-16_10-12-26/tensorboard_export/scalars/Reward__gated_progress.csv
Reward,Reward/heading_gate,300,0,299,0.9982902407646179,0.8379421234130859,-0.16034811735153198,0.7165789604187012,0.9982902407646179,0.9129125793774923,/home/ubuntu/Graduation-Project/RL_Training/logs/rsl_rl/complete_car_stage0/2026-04-16_10-12-26/tensorboard_export/scalars/Reward__heading_gate.csv
Reward,Reward/lateral_slip_gate,300,0,299,0.3712077736854553,0.1451716423034668,-0.22603613138198853,0.13013872504234314,0.3915407657623291,0.16862073982755343,/home/ubuntu/Graduation-Project/RL_Training/logs/rsl_rl/complete_car_stage0/2026-04-16_10-12-26/tensorboard_export/scalars/Reward__lateral_slip_gate.csv
Reward,Reward/longitudinal_slip_gate,300,0,299,0.006722479593008757,0.009928250685334206,0.003205771092325449,0.00610360037535429,0.0158314798027277,0.011362974708899855,/home/ubuntu/Graduation-Project/RL_Training/logs/rsl_rl/complete_car_stage0/2026-04-16_10-12-26/tensorboard_export/scalars/Reward__longitudinal_slip_gate.csv
Reward,Reward/progress,300,0,299,-0.036051422357559204,1.0176371335983276,1.0536885559558868,-0.036051422357559204,1.3374507427215576,0.9292579354718328,/home/ubuntu/Graduation-Project/RL_Training/logs/rsl_rl/complete_car_stage0/2026-04-16_10-12-26/tensorboard_export/scalars/Reward__progress.csv
Reward,Reward/roll_gate,300,0,299,0.9999434351921082,0.9904279708862305,-0.009515464305877686,0.9266442656517029,1.0,0.9794803897539774,/home/ubuntu/Graduation-Project/RL_Training/logs/rsl_rl/complete_car_stage0/2026-04-16_10-12-26/tensorboard_export/scalars/Reward__roll_gate.csv
Reward,Reward/speed_gate,300,0,299,1.0,0.8909170627593994,-0.10908293724060059,0.7331966161727905,1.0,0.9391103738546371,/home/ubuntu/Graduation-Project/RL_Training/logs/rsl_rl/complete_car_stage0/2026-04-16_10-12-26/tensorboard_export/scalars/Reward__speed_gate.csv
Reward,Reward/target_bonus,300,0,299,0.0,0.0,0.0,0.0,0.2839078903198242,0.013973905562112728,/home/ubuntu/Graduation-Project/RL_Training/logs/rsl_rl/complete_car_stage0/2026-04-16_10-12-26/tensorboard_export/scalars/Reward__target_bonus.csv
Reward,Reward/total,300,0,299,-0.0006591806886717677,0.05555914342403412,0.056218324112705886,-0.0006591806886717677,0.31614047288894653,0.04835961454237501,/home/ubuntu/Graduation-Project/RL_Training/logs/rsl_rl/complete_car_stage0/2026-04-16_10-12-26/tensorboard_export/scalars/Reward__total.csv
Reward,Reward/vertical_speed_gate,300,0,299,0.8441817164421082,0.939114511013031,0.09493279457092285,0.8441817164421082,0.9508540034294128,0.9316982042789459,/home/ubuntu/Graduation-Project/RL_Training/logs/rsl_rl/complete_car_stage0/2026-04-16_10-12-26/tensorboard_export/scalars/Reward__vertical_speed_gate.csv
Reward,Reward/wheel_action_rate_gate,300,0,299,0.22653374075889587,0.6577171087265015,0.4311833679676056,0.22221240401268005,0.7046799659729004,0.4812722097337246,/home/ubuntu/Graduation-Project/RL_Training/logs/rsl_rl/complete_car_stage0/2026-04-16_10-12-26/tensorboard_export/scalars/Reward__wheel_action_rate_gate.csv
Termination,Termination/bad_orientation_rate,300,0,299,0.0,0.0,0.0,0.0,0.0,0.0,/home/ubuntu/Graduation-Project/RL_Training/logs/rsl_rl/complete_car_stage0/2026-04-16_10-12-26/tensorboard_export/scalars/Termination__bad_orientation_rate.csv
Termination,Termination/ball_joint_limit_rate,300,0,299,0.0,0.0,0.0,0.0,0.0008138021221384406,6.347656395519152e-05,/home/ubuntu/Graduation-Project/RL_Training/logs/rsl_rl/complete_car_stage0/2026-04-16_10-12-26/tensorboard_export/scalars/Termination__ball_joint_limit_rate.csv
Termination,Termination/terminated_rate,300,0,299,0.0,0.0,0.0,0.0,0.0008138021221384406,6.347656395519152e-05,/home/ubuntu/Graduation-Project/RL_Training/logs/rsl_rl/complete_car_stage0/2026-04-16_10-12-26/tensorboard_export/scalars/Termination__terminated_rate.csv
Termination,Termination/time_out_rate,300,0,299,0.0008138021221384406,0.0016276042442768812,0.0008138021221384406,0.0,0.0022786459885537624,0.001017252633755561,/home/ubuntu/Graduation-Project/RL_Training/logs/rsl_rl/complete_car_stage0/2026-04-16_10-12-26/tensorboard_export/scalars/Termination__time_out_rate.csv
Tracking,Tracking/goal_pos_error,300,0,299,20.020092010498047,7.962357997894287,-12.05773401260376,7.575343132019043,20.103832244873047,11.180437876383463,/home/ubuntu/Graduation-Project/RL_Training/logs/rsl_rl/complete_car_stage0/2026-04-16_10-12-26/tensorboard_export/scalars/Tracking__goal_pos_error.csv
Tracking,Tracking/goal_progress,300,0,299,-0.036051422357559204,1.0176371335983276,1.0536885559558868,-0.036051422357559204,1.3374507427215576,0.9292579354718328,/home/ubuntu/Graduation-Project/RL_Training/logs/rsl_rl/complete_car_stage0/2026-04-16_10-12-26/tensorboard_export/scalars/Tracking__goal_progress.csv
Tracking,Tracking/goal_yaw_error_abs,300,0,299,0.2004629671573639,0.31125250458717346,0.11078953742980957,0.13509564101696014,1.3285878896713257,0.38010748465855915,/home/ubuntu/Graduation-Project/RL_Training/logs/rsl_rl/complete_car_stage0/2026-04-16_10-12-26/tensorboard_export/scalars/Tracking__goal_yaw_error_abs.csv
Loss,Loss/value,300,0,299,0.0038480269722640514,0.06966467201709747,0.06581664504483342,0.0006873260135762393,1397.8800048828125,55.585927369731365,/home/ubuntu/Graduation-Project/RL_Training/logs/rsl_rl/complete_car_stage0/2026-04-16_10-12-26/tensorboard_export/scalars/Loss__value.csv
Loss,Loss/surrogate,300,0,299,0.011529749259352684,-0.007991839200258255,-0.01952158845961094,-0.016151053830981255,0.01528359204530716,-0.006361475795856677,/home/ubuntu/Graduation-Project/RL_Training/logs/rsl_rl/complete_car_stage0/2026-04-16_10-12-26/tensorboard_export/scalars/Loss__surrogate.csv
Loss,Loss/entropy,300,0,299,4.432501316070557,-0.12313508242368698,-4.555636398494244,-0.12313508242368698,4.432501316070557,2.5182078575839597,/home/ubuntu/Graduation-Project/RL_Training/logs/rsl_rl/complete_car_stage0/2026-04-16_10-12-26/tensorboard_export/scalars/Loss__entropy.csv
Loss,Loss/learning_rate,300,0,299,9.999999747378752e-06,7.593750342493877e-05,6.593750367756002e-05,9.999999747378752e-06,0.0002562890585977584,7.683711033071934e-05,/home/ubuntu/Graduation-Project/RL_Training/logs/rsl_rl/complete_car_stage0/2026-04-16_10-12-26/tensorboard_export/scalars/Loss__learning_rate.csv
Policy,Policy/mean_std,300,0,299,0.35010114312171936,0.2455175220966339,-0.10458362102508545,0.2455175220966339,0.35010114312171936,0.30194842730959254,/home/ubuntu/Graduation-Project/RL_Training/logs/rsl_rl/complete_car_stage0/2026-04-16_10-12-26/tensorboard_export/scalars/Policy__mean_std.csv
Perf,Perf/total_fps,300,0,299,3894.0,4657.0,763.0,3882.0,4840.0,4642.45,/home/ubuntu/Graduation-Project/RL_Training/logs/rsl_rl/complete_car_stage0/2026-04-16_10-12-26/tensorboard_export/scalars/Perf__total_fps.csv
Perf,Perf/collection_time,300,0,299,1.4648194313049316,1.2822914123535156,-0.18252801895141602,1.232361078262329,1.5434346199035645,1.287124112447103,/home/ubuntu/Graduation-Project/RL_Training/logs/rsl_rl/complete_car_stage0/2026-04-16_10-12-26/tensorboard_export/scalars/Perf__collection_time.csv
Perf,Perf/learning_time,300,0,299,0.11287093162536621,0.03682446479797363,-0.07604646682739258,0.035836219787597656,0.11287093162536621,0.037839000225067136,/home/ubuntu/Graduation-Project/RL_Training/logs/rsl_rl/complete_car_stage0/2026-04-16_10-12-26/tensorboard_export/scalars/Perf__learning_time.csv
Train,Train/mean_reward,300,0,299,-0.03627646714448929,55.86708450317383,55.90336097031832,-0.10869418829679489,119.03392028808594,42.03208617418694,/home/ubuntu/Graduation-Project/RL_Training/logs/rsl_rl/complete_car_stage0/2026-04-16_10-12-26/tensorboard_export/scalars/Train__mean_reward.csv
Train,Train/mean_episode_length,300,0,299,48.599998474121094,903.0499877929688,854.4499893188477,48.599998474121094,959.0,895.0299089050293,/home/ubuntu/Graduation-Project/RL_Training/logs/rsl_rl/complete_car_stage0/2026-04-16_10-12-26/tensorboard_export/scalars/Train__mean_episode_length.csv
Train,Train/mean_reward/time,300,1,397,-0.03627646714448929,55.86708450317383,55.90336097031832,-0.10869418829679489,119.03392028808594,42.03208617418694,/home/ubuntu/Graduation-Project/RL_Training/logs/rsl_rl/complete_car_stage0/2026-04-16_10-12-26/tensorboard_export/scalars/Train__mean_reward__time.csv
Train,Train/mean_episode_length/time,300,1,397,48.599998474121094,903.0499877929688,854.4499893188477,48.599998474121094,959.0,895.0299089050293,/home/ubuntu/Graduation-Project/RL_Training/logs/rsl_rl/complete_car_stage0/2026-04-16_10-12-26/tensorboard_export/scalars/Train__mean_episode_length__time.csv
