Kp,Kd,risk_score,new_relative_error_mean,rms_relative_error_new,new_error_mean,rms_target_error_new,relative_error_reduction_ratio,sat_ratio,qdot_limit_rate,max_abs_qdot_new,max_abs_tau_new,smoothness_cost
100.0,10.0,0.8698111174024478,0.7901345195525123,1.0722719932576183,0.1023705119843387,0.13606370868991213,0.11344965619134922,0.0003802422421308404,0.2949288668781185,2.0,60.0,0.13900677201079228
110.0,10.0,0.8823017768076089,0.7788807949534684,1.0614377858916653,0.10043780330136241,0.13370833601451487,0.12607661168502982,0.0006213714688479587,0.2751469960862872,2.0,60.0,0.1664566426188745
120.0,10.0,0.8971210293990092,0.7688459217126132,1.0515896471880477,0.09871034106580402,0.13164368731818932,0.13733598600877764,0.0009830653089236362,0.25948750765121587,2.0,60.0,0.19970562579495282
130.0,10.0,0.9143606208618138,0.7591195352617458,1.041985320158322,0.09708716636046617,0.12976037453596723,0.14824923057492553,0.0015302431695509433,0.24638769869975702,2.0,60.0,0.23842233301397295
140.0,10.0,0.9302294369149328,0.75012853636132,1.033571808273572,0.09555361850962898,0.12803080507960976,0.15833735224168927,0.0022026227440506,0.23664051341976888,2.0,60.0,0.2839695297559885
150.0,10.0,0.9511371158840666,0.7417119976563479,1.0256120191450024,0.09412401451187677,0.1264480919892551,0.16778091545520102,0.0031161315452673754,0.23027377441433422,2.0,60.0,0.33514517825116397
160.0,10.0,0.9685225298341998,0.7340138767243527,1.0183219584043732,0.09280335942858389,0.12500710884848537,0.17641839627657566,0.004349600281935711,0.22777437723740102,2.0,60.0,0.3907002963210346
170.0,10.0,0.9895696005598359,0.7266539821165701,1.0115777053359702,0.09152498416920524,0.12365206263439975,0.18467637885227742,0.00566189972733849,0.22624413406785007,2.0,60.0,0.44985158840463213
180.0,10.0,1.0085744094803784,0.7196645202320108,1.0050095277679603,0.09034878309739912,0.122440894840264,0.1925187268113349,0.0072895220076790385,0.22661046500843954,2.0,60.0,0.5109619998003494
190.0,10.0,1.0284927751319897,0.7130576572426828,0.9986896573979313,0.08924837671261839,0.12132259816450829,0.1999317894098436,0.009019160499322984,0.22819171628364218,2.0,60.0,0.5742263935197631
200.0,10.0,1.0479798597894123,0.706358410279197,0.9922425346105525,0.08818247750456643,0.1202855284450693,0.20744850909714574,0.010962105614601302,0.23130321072839577,2.0,60.0,0.637340456610116
210.0,10.0,1.0656137403565054,0.6996939759618845,0.985710059077174,0.08717386741695644,0.11932849913950591,0.21492616814012705,0.013192550961734648,0.23371914009608072,2.0,60.0,0.7009471053184939
220.0,10.0,1.082842726081762,0.6931735631445203,0.9790893859720436,0.08621790237032796,0.11843865682221083,0.2222422315216921,0.01585888375716432,0.23817539368983362,2.0,60.0,0.7637706658352817
230.0,10.0,1.1008571269225749,0.687068856993293,0.973079151916579,0.08531614687833489,0.11763142836370001,0.229091861810325,0.018659692467493928,0.2442963663680374,2.0,60.0,0.8275246226974358
240.0,10.0,1.117258407059253,0.681124884901624,0.9672010285922826,0.08446240181540021,0.11687766842618458,0.2357611445350471,0.02182219501789921,0.24986552408510007,2.0,60.0,0.8898379407642175
220.0,20.0,1.1311941640732086,0.8265987787846498,1.098513656819999,0.10540995998295624,0.13408434210430906,0.0725358614399344,0.13345111568638363,0.7494574592398865,2.0,60.0,0.5159099852597764
210.0,20.0,1.1335682030617442,0.8333467411220014,1.104395266988902,0.10681299871494032,0.1356207041209334,0.06496448190626344,0.13027933893495075,0.7579387160796097,2.0,60.0,0.46581897478876594
230.0,20.0,1.1338761140662346,0.820457894770011,1.0934321007962597,0.10405211164223986,0.13262928407256266,0.07942608418017162,0.13723962680615065,0.7436008012909688,2.0,60.0,0.5685517831429612
250.0,10.0,1.1341792651592846,0.6751893263498455,0.9612969107618546,0.08364368378894835,0.1161836455715926,0.24242098706129922,0.025174818689369913,0.255008068554894,2.0,60.0,0.9510762312460154
250.0,20.0,1.1352327198369674,0.8086232475407047,1.082464260920336,0.1016208377270594,0.1300399244128708,0.09270484913773562,0.14371301912340254,0.7296663142470277,2.0,60.0,0.6759869122390146
240.0,20.0,1.1357876255376607,0.8141815597492267,1.087561640898488,0.10278163452871862,0.13128248222353708,0.08646828627720933,0.14106987183054182,0.7369465620536791,2.0,60.0,0.6229896151996581
260.0,20.0,1.1374779630589,0.8025656837443305,1.0763551435101537,0.10048196519647008,0.12885018103023269,0.09950158454597961,0.14750153024316956,0.7237308255893755,2.0,60.0,0.7282358350199741
270.0,20.0,1.13942977838317,0.7969007554029859,1.0708563719148758,0.09940951766590457,0.12774573454730148,0.10585777332699214,0.1500287500231855,0.7179066273440543,2.0,60.0,0.7814504123245465
200.0,20.0,1.1400142182784434,0.8403610478572214,1.1110400801134768,0.10824861738999404,0.13723858558702495,0.05709425741434969,0.12665776343368018,0.7680475951996736,2.0,60.0,0.41630973762537116
190.0,20.0,1.1442751168643133,0.8461412321962846,1.11465794222693,0.1097743331998294,0.13897161192728064,0.05060874857216421,0.12231280025225827,0.7776742158663031,2.0,60.0,0.36803666315243233
280.0,20.0,1.1453638628006035,0.7912581698883927,1.0656530168592224,0.09833617019212436,0.12668581843502316,0.11218889290744712,0.15341847049876653,0.7138398901934598,2.0,60.0,0.8352206538289475
260.0,10.0,1.1486670199838787,0.6692323937028657,0.9553226735192356,0.08285369434228247,0.11553775494911539,0.24910481184750888,0.028903047502457663,0.2601181533210914,2.0,60.0,1.0116492317890164
290.0,20.0,1.1504757930956153,0.7857373321084185,1.060149686600792,0.09733409340051119,0.12570117913668072,0.11838340853843098,0.15691020718565096,0.7087298054272625,2.0,60.0,0.8906149395510112
180.0,20.0,1.1507351287659646,0.8532903783333627,1.120538811172201,0.11143225591947718,0.14084625644495513,0.042587230958486884,0.11781481275388125,0.7876161593678704,2.0,60.0,0.321136723060566
300.0,20.0,1.1548989165864014,0.7804877779566459,1.0550396075678725,0.0963842973426334,0.12478383935333792,0.12427353727338591,0.160188637248901,0.7043060115371061,2.0,60.0,0.9402303449025283
170.0,20.0,1.1605322107448681,0.8602181105194042,1.1249407461840213,0.11319617879664265,0.14286301098975976,0.034814145237807716,0.1127371876912804,0.7983000389516444,2.0,60.0,0.2772229411696079
310.0,20.0,1.1616627972212505,0.7749141445911529,1.0493553539773617,0.09547201811398563,0.1239257406946664,0.13052729084846026,0.16343460760855452,0.7012408880974904,2.0,60.0,0.991753390578009
270.0,10.0,1.1647269997462688,0.6635146430110425,0.9494868890617855,0.08210905213689099,0.11493646303698261,0.25552026860355453,0.03297442175356593,0.26591916606384364,2.0,60.0,1.0707076019388884
160.0,20.0,1.1716095108867284,0.8668522500610855,1.1290662230239714,0.1150274020626468,0.1450226708884295,0.027370477677399124,0.10572589171442881,0.8097304917181385,2.0,60.0,0.23525663595912677
320.0,20.0,1.1731103157389615,0.7695377370476928,1.0439255557262979,0.09459453817176407,0.1231054641724834,0.13655975220555863,0.16699126370263204,0.6971834251479235,2.0,60.0,1.0457133191421712
280.0,10.0,1.1802950479728054,0.657956622617934,0.9439058596429483,0.08139688414510587,0.1143719810640369,0.2617565040400172,0.036948416893884596,0.2715207834845028,2.0,60.0,1.128051817387011
330.0,20.0,1.1843192753473621,0.764052250536785,1.0380177592933546,0.09375218702785547,0.12233361408703246,0.14271460284410203,0.17045054068591992,0.6944614471463284,2.0,60.0,1.0938786664267095
150.0,20.0,1.1921975291636502,0.8745371460459146,1.1346859736629098,0.11693457083201371,0.14727663561425566,0.01874783557166944,0.10319867193441286,0.8243095357334966,2.0,60.0,0.1960078492224941
290.0,10.0,1.1944970398751982,0.6526288133155438,0.9385348719204891,0.08072959157427334,0.11385649987664817,0.26773443697662147,0.04090386363214809,0.27780405468068925,2.0,60.0,1.1851772020209086
340.0,20.0,1.1954651131670289,0.7584404176672986,1.0318885142921952,0.0929384410494374,0.1216101236947335,0.14901121720118332,0.17507836699868307,0.693186244505036,2.0,60.0,1.1422766687512251
350.0,20.0,1.208626745283081,0.7531991554647921,1.0263042051527183,0.09215872718518803,0.12092238251463334,0.1548920421653363,0.17994732253816334,0.6903158792869994,2.0,60.0,1.19264070352915
300.0,10.0,1.2088078800699704,0.6473573604468489,0.9333120281162243,0.08008541250830524,0.11337352913741622,0.27364913660999446,0.04534156882384583,0.2836931723332035,2.0,60.0,1.241062625381758
140.0,20.0,1.2133317275089828,0.8813851998689183,1.138192782819842,0.11897061136410599,0.14971872257482777,0.011064150931941996,0.09919685419101144,0.838925676552965,2.0,60.0,0.15929675075202493
360.0,20.0,1.2188720184048458,0.7478767933000761,1.0205748290903942,0.09142468888862415,0.12028091484875143,0.16086386327963909,0.18240498581047243,0.6860219242112292,2.0,60.0,1.2383020394963602
310.0,10.0,1.2235299414818035,0.6422747214073019,0.928353576543034,0.07947029933204464,0.11292400202448474,0.2793519824880832,0.04947322538163337,0.2899161612227107,2.0,60.0,1.295472583595478
370.0,20.0,1.2285703415914766,0.7428372334728411,1.015212627180897,0.09069772187155073,0.11965613462502307,0.16651837322309745,0.18642071485541523,0.6840047854877302,2.0,60.0,1.2816509059039558
130.0,20.0,1.2365616176138323,0.8883396653179878,1.1404347880427081,0.12127751840420503,0.15244367325147318,0.0032610698333339367,0.09351176896110401,0.8532728655426335,2.0,60.0,0.12783467012834204
320.0,10.0,1.2365805027828778,0.6372675004090208,0.9235084588200074,0.07887183217956162,0.11249595000150035,0.2849702074709204,0.054142785599020644,0.29613451301170407,2.0,60.0,1.347408036742692
380.0,20.0,1.2406575489296474,0.73784117447529,1.0097842522147857,0.09001454257223689,0.1190894885683589,0.1721240741668757,0.19001446775360303,0.6821731307847829,2.0,60.0,1.3323446289353
330.0,10.0,1.2494441698382162,0.6324381942586749,0.9189715022686881,0.07830433403351464,0.11210772767008903,0.2903888076231719,0.05855266818763564,0.30219056628271473,2.0,60.0,1.4014006975515927
390.0,20.0,1.24997562213314,0.7325705954032172,1.0040729689826877,0.08931536917554019,0.11851219407040339,0.17803779337897022,0.19486487489102813,0.6811019605660973,2.0,60.0,1.3774096420242175
400.0,20.0,1.260300369172659,0.7276054044773307,0.9986419773053026,0.08867394816115118,0.11798079868738641,0.18360885958794093,0.19877395062415373,0.6789781685307811,2.0,60.0,1.4239361222357543
340.0,10.0,1.2633416791734993,0.6278247290902135,0.9146742436344248,0.07776430428006688,0.11174646326435418,0.29556522889073666,0.0628744458664886,0.3081631517444772,2.0,60.0,1.4542666267727808
410.0,20.0,1.2694879610391723,0.7230785123929504,0.9938657876685701,0.08806545404874248,0.11749825732235789,0.18868814372814646,0.20292879268451025,0.6774479253612301,2.0,60.0,1.467134327978759
350.0,10.0,1.27670002812433,0.6233103657784571,0.9105293554986306,0.07724275177147408,0.11140964171590576,0.30063045544023786,0.06777586110956542,0.3135468254409883,2.0,60.0,1.5052349958315285
420.0,20.0,1.2783902281684423,0.7183432544916126,0.9888861073095963,0.08745659564940728,0.11702654186975825,0.19400121943433277,0.20660601339194629,0.6758295772819172,2.0,60.0,1.506734228464277
120.0,20.0,1.2792096192258882,0.8972987720640548,1.1455052070409155,0.12379552022575514,0.155426715729678,-0.006791268052678726,0.0908639845677295,0.8683480793129672,2.0,60.0,0.09977502958356779
430.0,20.0,1.2853957777126492,0.7138064404235819,0.9841917840117627,0.08686991693943553,0.1165727178061001,0.19909163628396803,0.21014412108396863,0.674239051805687,2.0,60.0,1.5437042959272798
360.0,10.0,1.2884568554096654,0.6188740266143846,0.9065500086139681,0.0767400973151008,0.11109110068952774,0.305608136979057,0.07230167121102517,0.3198347337376885,2.0,60.0,1.5540239876133746
440.0,20.0,1.2945795239269697,0.709379529184437,0.979646712719653,0.08630762652559042,0.11613395692903028,0.204058739459383,0.21465601988388702,0.6729870346669635,2.0,60.0,1.5854234893767887
370.0,10.0,1.2998942590641802,0.6145927117576813,0.9027296771158093,0.07626013849229425,0.11079169974666875,0.31041187743620474,0.07712889284588133,0.3258907870086992,2.0,60.0,1.6020683619846123
450.0,20.0,1.3044009012629671,0.7048211606896805,0.9748513510086845,0.08575834912088078,0.11572198062366144,0.20917334090537684,0.21825440988258862,0.671248121974292,2.0,60.0,1.627649412342812
380.0,10.0,1.3121173602350382,0.6104091548375467,0.8990138033711783,0.07579786358222669,0.11051025408802874,0.3151059310867008,0.08152950123346873,0.3315851464396342,2.0,60.0,1.6496711811246785
460.0,20.0,1.312997798266356,0.7002895322213069,0.9699913876408304,0.08522434580568224,0.11533496612213005,0.21425793938479146,0.22239070354088997,0.6701630404540649,2.0,60.0,1.669295044542758
470.0,20.0,1.3221711712152617,0.6960952671658382,0.9655664147088708,0.08472257733855636,0.11497500800523316,0.21896400782622116,0.22719010257266337,0.6692031606477102,2.0,60.0,1.7102164797930526
390.0,10.0,1.3227262324168576,0.6063614644892984,0.8955338378315775,0.07534875661036931,0.1102467145131971,0.3196475391054249,0.08591156121900098,0.33764583681115873,2.0,60.0,1.6969120372895685
270.0,30.0,1.3239563970315054,0.868629136927916,1.1327761675016155,0.11406690938938635,0.14235703921570872,0.02537676695635653,0.4739673177155788,0.8534722608647265,2.0,60.0,0.39689950234310895
290.0,30.0,1.3243277508785054,0.8598451322317289,1.1283852336542235,0.11150348642866735,0.13949186890763637,0.035232636040309316,0.47252054235527613,0.8418470498766532,2.0,60.0,0.481762415289787
280.0,30.0,1.3255628331387843,0.8641476568242238,1.1309369660451318,0.11271459193442368,0.14086195514658797,0.03040509773849989,0.475469738282047,0.8483575389980154,2.0,60.0,0.43959030295540036
260.0,30.0,1.3256777673786693,0.8733872039176847,1.1346615989723403,0.11552064861373537,0.1439801573549752,0.02003809889255268,0.47155138834789384,0.8594402092259752,2.0,60.0,0.3574268866388492
300.0,30.0,1.3262297414921422,0.8546659158455082,1.1242108446723447,0.11029043705940919,0.13814112130134265,0.041043844074181525,0.4725761875614416,0.837529909298314,2.0,60.0,0.5237809556217399
310.0,30.0,1.3278896946725465,0.8497891591815999,1.1211739170071056,0.10907627535025745,0.1368546220341994,0.046515684868465024,0.4751915122512196,0.8322946228182443,2.0,60.0,0.5695040314880816
250.0,30.0,1.3282720254597828,0.8785302486306324,1.1366256332381706,0.11706116656033795,0.1456851892798434,0.014267476364797005,0.467271344573665,0.865737391723703,2.0,60.0,0.31922990875948143
480.0,20.0,1.3302613345918877,0.6918836943241575,0.9612140196087202,0.0842272827624956,0.11462575010537575,0.22368949602901708,0.2314840576484336,0.6682803776454659,2.0,60.0,1.748103770867336
320.0,30.0,1.3318619743301394,0.8449933654305245,1.1176672967824666,0.107923092627946,0.1356137727454206,0.051896683285366514,0.4767866748279636,0.8285571198041289,2.0,60.0,0.6129919788923753
110.0,20.0,1.33304850576045,0.9072559418932813,1.1511435676376407,0.12664200531789285,0.1588225505298551,-0.01796345723947853,0.08453434236640514,0.8839426483408455,2.0,60.0,0.07413580726973462
330.0,30.0,1.3330880859300922,0.8414392933401044,1.115455467389222,0.1069204710330962,0.1345101816102499,0.05588443949106573,0.47345259955854807,0.823303284922004,2.0,60.0,0.6556685173245785
400.0,10.0,1.3337319342876766,0.6025383717187751,0.8922963984098037,0.07492694363003073,0.11000348636376549,0.32393714312378796,0.0905115649286814,0.3433726559456903,2.0,60.0,1.7429690926842487
240.0,30.0,1.3341692435963508,0.8841354334818259,1.139778336035326,0.11862405529437287,0.14747183310162326,0.00797832124757608,0.4660378758369967,0.8729341717211062,2.0,60.0,0.28419609414282104
340.0,30.0,1.3360866260823274,0.8370506355294072,1.1118191645491176,0.10589635360409537,0.13342391419318458,0.06080862137991123,0.47359634967447556,0.8188980394339028,2.0,60.0,0.701183143089753
490.0,20.0,1.3381283474869754,0.687715080247879,0.9569938373070461,0.08373961678447382,0.11428871162703075,0.22836678344157485,0.23569918201546938,0.667723925583811,2.0,60.0,1.7880409619814708
230.0,30.0,1.3386720501851856,0.8886067525153746,1.140329711766143,0.12025130505676303,0.14934194608215098,0.00296139143578179,0.4649620685177972,0.8800011129041233,2.0,60.0,0.2477389862623605
350.0,30.0,1.3405126565863876,0.832371898678922,1.1079998120022545,0.10487922189674737,0.13237069591308226,0.06605827907837118,0.47589171442880196,0.8159349322055905,2.0,60.0,0.7436604048249197
360.0,30.0,1.3431064426922859,0.8279207688905564,1.1037678489254994,0.10395274278759335,0.1314024541604335,0.07105255606103905,0.47458868918442676,0.812002670969896,2.0,60.0,0.785363013714005
410.0,10.0,1.3456182877549518,0.5987907080886394,0.8891608222371724,0.07452112597560599,0.10977310783232226,0.32814211379341224,0.09528777845788586,0.3488722571550461,2.0,60.0,1.7880024578997553
500.0,20.0,1.34644761654224,0.6837595769351956,0.9530002119079074,0.08328438403850819,0.11397425880956637,0.2328049553414454,0.2399328547845603,0.6668892474913286,2.0,60.0,1.8282974680814084
370.0,30.0,1.3499257838432435,0.8242094095455743,1.100801191782901,0.10305561562629369,0.13047320113993138,0.07521679243075846,0.47514050414556785,0.8093456123754939,2.0,60.0,0.8301148969182038
510.0,20.0,1.3542374805153754,0.6798855221097536,0.9491779369599079,0.08284348727455439,0.11367699317330542,0.23715174003751754,0.24357297868788605,0.6657995288705878,2.0,60.0,1.8652493029067465
380.0,30.0,1.355339642737763,0.8199368659324504,1.096554573924666,0.10218574194200238,0.12958120959986447,0.08001069133710882,0.47456086658134405,0.806883312002671,2.0,60.0,0.8744569868032577
420.0,10.0,1.356414554110785,0.5951595458133229,0.8861491686249513,0.07413235907229425,0.10955836586767616,0.33221636708059943,0.0999248789716766,0.35374584979504015,2.0,60.0,1.831802279815728
220.0,30.0,1.3574672858606143,0.8950031558619879,1.144812809385162,0.1219726747168377,0.15134382501229648,-0.004215530272803222,0.4660425129375105,0.8878609982749986,2.0,60.0,0.216398166807696
390.0,30.0,1.3593980450099596,0.8154202878539853,1.092070735269692,0.10134883914449848,0.1287453440583411,0.08507840290927195,0.47415743883664424,0.8040871403928552,2.0,60.0,0.9166641460825801
520.0,20.0,1.3609943688303663,0.6758701801870364,0.9452013670878086,0.0823914483803935,0.11336579086029969,0.24165705232802515,0.24763971583848052,0.6652338026079053,2.0,60.0,1.8987860425433427
400.0,30.0,1.3638781007824623,0.8114608890816604,1.088270663010976,0.10052954005246902,0.12791775092229515,0.08952094561056823,0.4743151002541131,0.8014857270046186,2.0,60.0,0.9579571842065288
430.0,10.0,1.3659367266188684,0.591621427340655,0.8832830823507628,0.07375303105106533,0.10935812910337203,0.336186222935215,0.10449706007827426,0.35902750728024785,2.0,60.0,1.8747760957455823
530.0,20.0,1.367276794113078,0.6718137313417406,0.9411600784223811,0.08195153261304028,0.11308142324180998,0.24620848759562475,0.25146996086287166,0.6644825923246712,2.0,60.0,1.9311993492470376
410.0,30.0,1.3686223947452123,0.8070115098977675,1.0838247428843037,0.09971346279217361,0.12715544080930852,0.09451325837200698,0.4760771984493536,0.7988147571086751,2.0,60.0,1.001546717376169
420.0,30.0,1.3747029575247842,0.8028748444914457,1.0797028577349157,0.09894426013057804,0.1264162822725617,0.09915469859192406,0.4765687311038154,0.7969599169031588,2.0,60.0,1.0433864798811388
540.0,20.0,1.3752807097444155,0.6684478283527435,0.9379753941763709,0.08155679493665734,0.11282266062778358,0.24998511344638738,0.25504052825849055,0.663225938085434,2.0,60.0,1.9675153612736453
440.0,10.0,1.3754969637759182,0.5881966952802403,0.8806224266384258,0.07338706774726265,0.1091638113212409,0.3400288564494838,0.1090275072802478,0.36417468885055554,2.0,60.0,1.9169559638127618
430.0,30.0,1.380211982338213,0.7987032099449533,1.0755622810142222,0.09819848358161587,0.12569993340563076,0.10383537504627201,0.4779923209615492,0.794961326581715,2.0,60.0,1.0843565045571393
550.0,20.0,1.3819254392665241,0.6647659846400449,0.9344755370971792,0.08116315824118565,0.1125781131391095,0.25411623255151305,0.25886149908185413,0.6627575909335411,2.0,60.0,2.0019121248379217
210.0,30.0,1.3826550942712033,0.9013292420924919,1.1484009642276638,0.12382082535561535,0.15347474332190797,-0.011313554449487444,0.4655277947804797,0.8966390295476045,2.0,60.0,0.183580522920299
450.0,10.0,1.3851894453188704,0.5848740359358834,0.8780566260009083,0.0730357365351852,0.10898646345233097,0.343756961868504,0.11409585814182109,0.3693079591193219,2.0,60.0,1.9586606816598018
440.0,30.0,1.3855670168606622,0.7945682681695162,1.0710496406257775,0.09750173409686423,0.1250438747809867,0.10847488130998845,0.47816853078107324,0.7928653571494816,2.0,60.0,1.1250130337938664
560.0,20.0,1.3885927204040154,0.6612135893888219,0.9310676744004861,0.08077263367928757,0.11233715445419826,0.2581021073024347,0.2630766234488899,0.6626555747222377,2.0,60.0,2.0341050479867677
450.0,30.0,1.3918838496401529,0.7901284220014069,1.0660971022225807,0.09680004920001532,0.12439685599982088,0.11345649779350073,0.4789985717730418,0.791483501196372,2.0,60.0,1.1636516582538259
460.0,10.0,1.3954691105374715,0.5816348526690113,0.8756493641659633,0.07269360300437445,0.1088169079331512,0.34739140507765665,0.11862630534379463,0.37395433383414023,2.0,60.0,2.0000042980785984
570.0,20.0,1.3957217032295557,0.6578480107549672,0.9280577888654381,0.08039488426393289,0.11211980222728037,0.26187836921875846,0.26679094096043626,0.6627668651345687,2.0,60.0,2.0705520359080816
460.0,30.0,1.3958230637574223,0.7861128785792624,1.0615335490497788,0.09615131794120935,0.12378945073057522,0.11796203617131637,0.47880381355146256,0.7889748298184112,2.0,60.0,1.202303267626558
100.0,20.0,1.3974892370580347,0.918149772966459,1.1553884446490454,0.12985564196346444,0.16263072869056877,-0.030186603354887855,0.07707788474022963,0.9017954853189398,2.0,60.0,0.05429839131795405
470.0,30.0,1.40064579368302,0.7820930303127231,1.056671734042434,0.09554819663794517,0.12322514018448982,0.12247240469030893,0.4778949418507596,0.786540352048671,2.0,60.0,1.241939340380131
580.0,20.0,1.4032674594150871,0.6545573508571401,0.9249824449954095,0.08003286358923724,0.11189894958049716,0.2655705704725756,0.27060727468328605,0.6626973086268618,2.0,60.0,2.1058286575301493
470.0,10.0,1.4055842035142725,0.5784440787777105,0.8732830249236935,0.07236544644946517,0.10865940481699533,0.35097153177804485,0.12291098621853727,0.3787166360618033,2.0,60.0,2.0402830064105375
480.0,30.0,1.4058659773971807,0.7782275614345495,1.0524531157377008,0.09493814435193487,0.12268213635723305,0.1268095557425972,0.47895683786841764,0.7846113182349341,2.0,60.0,1.281367195276957
590.0,20.0,1.4087694281180816,0.6510920515697206,0.9217518155129558,0.07966792490348482,0.1116826495977793,0.2694587214122428,0.2749939717693321,0.661830170830783,2.0,60.0,2.1385621651412263
340.0,40.0,1.4096165585603266,0.8840468815579365,1.1423638066261768,0.11769911376830121,0.145792317564899,0.00807767868181839,0.6324773245784876,0.8922662437630998,2.0,60.0,0.3874239975729271
350.0,40.0,1.4096747650055406,0.880201342606441,1.1414204795144136,0.1164436499244396,0.1444024781388612,0.012392467866714064,0.6326720828000668,0.8881577727078812,2.0,60.0,0.42031612243824834
360.0,40.0,1.409981621821006,0.8764022776547602,1.1399406908953704,0.1152936912128333,0.14311997278883543,0.016655112081994643,0.6300845807133716,0.8835484947971732,2.0,60.0,0.4570987685748151
200.0,30.0,1.410348695714613,0.908314498134381,1.1526621291698216,0.12577195765097618,0.15577606537860778,-0.019151183349735375,0.4667288038135515,0.9047122215421142,2.0,60.0,0.15468200603513707
330.0,40.0,1.4103948010994338,0.8886321318719663,1.1450402086820652,0.11891782947643151,0.14717532390805682,0.0029329151741386466,0.6366878118450096,0.8964581826275667,2.0,60.0,0.35434781834255563
370.0,40.0,1.4123053083230257,0.8726883201764356,1.138201226976417,0.11420032674284532,0.14191376376546974,0.020822263621158032,0.6274136108174281,0.8798295401851131,2.0,60.0,0.4927170331781864
490.0,30.0,1.4130687154459594,0.7743543880729667,1.048125010223871,0.09434569805530262,0.12217006374527781,0.13115535141456253,0.4798610724686069,0.7837766401424517,2.0,60.0,1.3211382719993454
380.0,40.0,1.4141519414101689,0.8686567273481374,1.1358336254585242,0.11314680847986863,0.1407370776402809,0.025345809826997162,0.6247148183184019,0.8766299408305975,2.0,60.0,0.5289803457168297
320.0,40.0,1.414959543713693,0.8934281562576445,1.146924710704748,0.12036229785929808,0.1487672803032545,-0.0024483420204536067,0.6329039378257564,0.9002003227421957,2.0,60.0,0.32075072479926103
480.0,10.0,1.4154047905687048,0.5753882267585468,0.8710391905516206,0.07204700310189593,0.10851156801168264,0.35440027282299025,0.12724667519893162,0.3834743011889526,2.0,60.0,2.0795831250994237
600.0,20.0,1.4162527248883672,0.6478331504214005,0.9188899863778833,0.07931495724283871,0.11147530544823385,0.27311528856883005,0.2786851037783095,0.6616864207148554,2.0,60.0,2.17357636546265
390.0,40.0,1.4172259517114392,0.8652027448291734,1.1345192156365218,0.11209219498184712,0.1395974111307768,0.02922126307441486,0.6238847773264333,0.8736204625971473,2.0,60.0,0.564087247291338
500.0,30.0,1.4174339935681957,0.7702797537140468,1.043587117839144,0.09373737436651446,0.12163431217423679,0.13572719127524965,0.48155361415614045,0.781954259640532,2.0,60.0,1.3597765412105358
400.0,40.0,1.4203125832670758,0.8619919754010915,1.1331439233457585,0.11111333014098891,0.1385313531015982,0.0328238252583432,0.6213250978428209,0.869771669170701,2.0,60.0,0.6050571227606326
510.0,30.0,1.422690256131181,0.7665286665961967,1.039212778920124,0.09318038420293553,0.12114670412163804,0.1399360031822014,0.4811780090145234,0.7803405486617329,2.0,60.0,1.3984558248103056
410.0,40.0,1.4230970950809108,0.8583477366288085,1.1307978926019526,0.11013646194518237,0.13748057721558415,0.03691275069640416,0.6208752990929831,0.8668827555506093,2.0,60.0,0.6402567249298112
490.0,10.0,1.4235527012671607,0.5724230351278654,0.8689222330350665,0.07173930886531354,0.10837018020167338,0.3577272906846171,0.13163800938549144,0.3878285385714021,2.0,60.0,2.1176621307076062
610.0,20.0,1.4240292874949594,0.644785165048681,0.9163597429317649,0.07897616743793202,0.1112872578017948,0.27653520304318896,0.2825988166119489,0.6617745256246175,2.0,60.0,2.207833766758129
310.0,40.0,1.4273204814795042,0.8980491270150835,1.148135014558365,0.12183426238607827,0.15039579735550052,-0.007633184743256644,0.6316240980839501,0.9041882291840558,2.0,60.0,0.29230433801809474
420.0,40.0,1.4275207052665648,0.854557081119764,1.1287738583763711,0.10916840388586964,0.1364698509190892,0.041165959310434555,0.621677517481869,0.865027915345093,2.0,60.0,0.6760046620134715
520.0,30.0,1.4288834596253486,0.7622722647809821,1.034265169768775,0.0926245110699512,0.12066746980944852,0.1447117905947085,0.4825784133696882,0.779584701277985,2.0,60.0,1.4363520252670336
620.0,20.0,1.4300780904911619,0.6416101289217683,0.9135943388313255,0.0786445339990412,0.1111057624910269,0.28009767158527155,0.28680930387847087,0.661718880418452,2.0,60.0,2.2399721043246266
530.0,30.0,1.431344826633697,0.7583102803668448,1.0298354080516623,0.09207729315941297,0.12021738687508474,0.14915723444964504,0.48306530892363625,0.7773867156344482,2.0,60.0,1.469414750884276
430.0,40.0,1.4321433723701402,0.851550074954869,1.126957852609141,0.10829378349531311,0.1355153992324948,0.04453989410679329,0.6199432418897112,0.8625192439671323,2.0,60.0,0.7116536311788902
500.0,10.0,1.4323223808863588,0.5695465679306313,0.8669647410273091,0.0714387473724855,0.10823197922765597,0.3609547575520392,0.13578357724482037,0.39225696956207223,2.0,60.0,2.1541495004806013
440.0,40.0,1.4324087012059743,0.8483414286929052,1.1242918858943558,0.1075079234051683,0.1346684719858908,0.04814007404617299,0.6162799324838165,0.85898113627511,2.0,60.0,0.7449983179378886
450.0,40.0,1.4353299332195777,0.8452875581173601,1.1222506545762463,0.1067198748666027,0.13382831448150007,0.05156659186269608,0.6128299297015563,0.8551091573460947,2.0,60.0,0.7831696037028026
630.0,20.0,1.4359441873864671,0.6384969618345396,0.9109005833537118,0.07831515222146491,0.11092214025619469,0.2835907215447638,0.2905421697920724,0.6617374288205071,2.0,60.0,2.269927686381861
540.0,30.0,1.4376012006197185,0.7543581811753856,1.0256189933263653,0.09153544708092945,0.119769484900256,0.15359158684186605,0.4852030122604938,0.7765984085471037,2.0,60.0,1.5067220250498317
460.0,40.0,1.4410944727712085,0.8417596626172872,1.1194131751647685,0.10590071175637233,0.13298483189923485,0.055524977290891245,0.6130015024205665,0.8537041158904161,2.0,60.0,0.8196017305499922
510.0,10.0,1.441932583859915,0.5667774454309096,0.8650846263523999,0.07115229854624108,0.10810286155766588,0.36406178103149295,0.14004043551648027,0.3963422551147219,2.0,60.0,2.1904215104077833
550.0,30.0,1.4420449719379353,0.7508943964413606,1.0217414393474775,0.0910438752090155,0.1193508332832742,0.15747803841541347,0.48492942333018013,0.7754205850166008,2.0,60.0,1.542972101046763
300.0,40.0,1.4422595841547752,0.9031388797372509,1.1514932727442921,0.12325230392831932,0.15203226115109725,-0.013344012348022015,0.6332795429673734,0.9091360154322705,2.0,60.0,0.26129904307162927
640.0,20.0,1.44341329493974,0.6353211040997571,0.9081781014715745,0.07798343232832156,0.11074467066967679,0.2871541119510625,0.29487322167195296,0.6623309776862724,2.0,60.0,2.2998232601372584
470.0,40.0,1.4439857128863391,0.838133153429786,1.1159785261735105,0.1051382059504532,0.13218831452263313,0.05959400969922754,0.6108127909780573,0.8513902027340345,2.0,60.0,0.8547965275519023
190.0,30.0,1.4445240619242585,0.9167863886298835,1.159257777291255,0.12789456279352565,0.1582801917863001,-0.028656852632164158,0.4652681171517074,0.9127297683304584,2.0,60.0,0.12991925773040872
560.0,30.0,1.4462651546834902,0.747318351294013,1.0177504515353482,0.09055337541454848,0.11894530052935944,0.16149044893084283,0.48467438280192165,0.7741129226717118,2.0,60.0,1.5782111003966455
570.0,30.0,1.448485190130898,0.7435332221550089,1.0134580329312557,0.09008333233994352,0.11857057456763015,0.16573745682191016,0.484178213046946,0.7719844935358819,2.0,60.0,1.6106157558922798
480.0,40.0,1.4494971263182368,0.8343147083496038,1.1126968268101995,0.10435836362432212,0.13140642893049778,0.06387839889483848,0.6114758963515293,0.8500454435850352,2.0,60.0,0.8891853263538392
520.0,10.0,1.450858654195448,0.5641243524943181,0.8633389507036277,0.07087747660368737,0.10798785655474565,0.367038616490376,0.14439467289892977,0.4004507261699405,2.0,60.0,2.2266574302684887
650.0,20.0,1.4515962391467028,0.6323328448917752,0.9057336289609217,0.07766949152133125,0.1105796003961557,0.2905070122011693,0.2989399588225474,0.6629662604566617,2.0,60.0,2.331974419385483
580.0,30.0,1.4521136572958624,0.7398746975184091,1.0094293100345375,0.08961186010607122,0.11820334762659218,0.16984241135072503,0.48521692356203516,0.7707232021961309,2.0,60.0,1.6419267188323625
490.0,40.0,1.4550110203474438,0.8309995123702363,1.1096938279046553,0.10362239296409279,0.13067407644606507,0.06759813023497259,0.610905532988333,0.8480143935599949,2.0,60.0,0.9282670626356513
590.0,30.0,1.4583923289728895,0.7362989153599285,1.0055843449624395,0.08915634287673277,0.11784178822741481,0.1738545267861842,0.4849572459332629,0.7696659432789865,2.0,60.0,1.6770233717392429
500.0,40.0,1.4587878704183594,0.8278152915452167,1.1066408867457012,0.10293812773176549,0.12997654373315431,0.07117090423399056,0.6093381930146718,0.8461549162539648,2.0,60.0,0.964723224898237
530.0,10.0,1.4596798810018679,0.5614779560175619,0.8616380937336587,0.07060856997851918,0.10787945787408212,0.3700079383567982,0.1486329827685345,0.40497653627140023,2.0,60.0,2.261083633045729
290.0,40.0,1.4609580055459073,0.9086223754293393,1.1552466344397847,0.12474499347633405,0.15374980831582682,-0.019496629238937548,0.6361406339843823,0.9148674716673159,2.0,60.0,0.2326134032753547
660.0,20.0,1.461000997332394,0.6293523594845224,0.9032943761025315,0.07736698818565149,0.11041974346326751,0.29385119005586313,0.3025198004191939,0.6633743253018752,2.0,60.0,2.366272792489038
510.0,40.0,1.4613177492027294,0.8240632030778601,1.1029463536223243,0.10222851343919993,0.12928636784147893,0.07538083967969086,0.6090970637879547,0.8438549143991245,2.0,60.0,0.9998937496735546
600.0,30.0,1.4636620935469224,0.7327431567728944,1.0015882727251582,0.088723506822034,0.11750094802946415,0.17784417528252,0.48511954445124555,0.7690167492070559,2.0,60.0,1.708570533850663
520.0,40.0,1.466618001555214,0.8205686289356581,1.0992828350091342,0.1015777065965535,0.1286463313992122,0.07930183772568004,0.607140207371135,0.842027896796691,2.0,60.0,1.0380575952032076
610.0,30.0,1.4673379476536033,0.7291700706655563,0.9977555359527537,0.08827741639096816,0.11716494843495708,0.1818532656823579,0.4856991820154694,0.7678806595811771,2.0,60.0,1.7405259169455012
540.0,10.0,1.4674383017731665,0.5589575244800831,0.8600483084892245,0.07035031407006624,0.10777415813037754,0.3728359244665096,0.152987220150984,0.40866766828037765,2.0,60.0,2.2949913885521123
530.0,40.0,1.468487573966005,0.8169373168164215,1.0955484360341448,0.10092908536333509,0.12801207511480334,0.08337625914142707,0.6061339565596424,0.8397000723387681,2.0,60.0,1.0709364173488296
670.0,20.0,1.469344932375149,0.6263988983020129,0.9006536736898342,0.0770739821971301,0.11025986104548569,0.2971650460664349,0.30596052900042664,0.6627761393355963,2.0,60.0,2.3975107613177697
620.0,30.0,1.4702605525616061,0.7256283029610824,0.9938587345209723,0.08786285876724757,0.11686330218052197,0.1858272160647181,0.485796561126259,0.7658032385509989,2.0,60.0,1.7710856818126453
540.0,40.0,1.4742707152621857,0.8139233228955773,1.0927875711685349,0.10029436483319007,0.12738395020114984,0.08675803437164335,0.605280730065105,0.8382208372748688,2.0,60.0,1.1037559553967449
630.0,30.0,1.4744539688316987,0.7222655587036982,0.9901526892818316,0.08745253860221075,0.116553030896087,0.18960029774100393,0.4860516016545175,0.7650798508708475,2.0,60.0,1.801284825109981
550.0,10.0,1.4756076226691779,0.5564661274351301,0.8584999181080412,0.07009625601568238,0.1076700262709552,0.3756313331622565,0.1570910541056888,0.41258138111401704,2.0,60.0,2.3288469787020953
680.0,20.0,1.4767625889305287,0.6237176830191581,0.8985378785055417,0.0767852100916726,0.11010799727452111,0.30017343548876535,0.3097304917181385,0.6625674698124757,2.0,60.0,2.427638975052373
550.0,40.0,1.4772945655978222,0.8108070467862751,1.0896074155478754,0.09971725668909595,0.12681942108149225,0.09025457273028792,0.6030317363159164,0.8362315211544525,2.0,60.0,1.1370719123112172
280.0,40.0,1.4789729033982975,0.9135836050469865,1.1581866252200201,0.12621423792090244,0.1554953096076967,-0.02506325076273808,0.6425815665980376,0.9205479197967096,2.0,60.0,0.20598586289681678
640.0,30.0,1.4824334044458083,0.7188007109904376,0.986574829440466,0.08703187952474793,0.1162463719363578,0.19348794200337013,0.48776269174410625,0.7651076734739303,2.0,60.0,1.8359003767421018
560.0,40.0,1.4830461848807865,0.8074083519057212,1.0858826228569811,0.09911259505403847,0.12626048259984873,0.09406799188904359,0.6036577448852781,0.835424665665053,2.0,60.0,1.1686896007627734
520.0,50.0,1.4830653723586145,0.860364486170161,1.1351410818092273,0.10990967554578629,0.13698107937599552,0.03464990816134489,0.6996179029176637,0.8860154322705099,2.0,60.0,0.7186553221929847
180.0,30.0,1.4834659126315866,0.9262289673971715,1.1676425342150885,0.13010125194599534,0.16091906261421804,-0.039251658004444974,0.4672249735685271,0.9211878396676126,2.0,60.0,0.10666872112808876
510.0,50.0,1.4837907603786158,0.8627907559105296,1.1364015345580212,0.11066383242649426,0.13779642989030175,0.03192757390145905,0.7017509691540074,0.8879769257878434,2.0,60.0,0.6918900117678406
560.0,10.0,1.4839542095488376,0.5540609389525317,0.8570359494156548,0.0698526203643194,0.10757444267055294,0.37833001373297737,0.16141283178454177,0.41639307773635303,2.0,60.0,2.362823984721555
690.0,20.0,1.4850262223370665,0.621081860271945,0.8964590928282709,0.07650993852487407,0.10997299503850698,0.30313089337085336,0.3131944058019402,0.6630868250700203,2.0,60.0,2.4604763593212113
490.0,50.0,1.4852078139703944,0.8689222749512326,1.1399756741466611,0.11227331916498648,0.13954490445417203,0.02504785889206648,0.7063509728636879,0.8924285422810825,2.0,60.0,0.6241678505314165
530.0,50.0,1.4855868972541917,0.8572871483420474,1.1331519954726648,0.10912627749218631,0.1361567042311542,0.03810275681181845,0.6981433049542782,0.8841791404670488,2.0,60.0,0.7471087087623044
500.0,50.0,1.485745543838701,0.8657399912924199,1.1382758178859593,0.11143188517641384,0.13864443092579046,0.02861845934300606,0.7046074230705025,0.8903511212509043,2.0,60.0,0.6581491805712574
470.0,50.0,1.4864738401761217,0.8746614126154423,1.14173845039966,0.11407763802930707,0.14148375579771474,0.018608405427545265,0.7094995641125518,0.8972511268154248,2.0,60.0,0.5618629465137249
480.0,50.0,1.4866485858515364,0.8717077240093968,1.1408120153759864,0.11313585458518886,0.1404834210079516,0.021922516612911978,0.7083263776825627,0.8944642294066366,2.0,60.0,0.5934010984823014
650.0,30.0,1.4878795748193938,0.7154436283029878,0.9829495120044175,0.08663434963891595,0.11594720967643023,0.19725467125909013,0.48816148238829227,0.76436110029121,2.0,60.0,1.8663484859439277
570.0,40.0,1.488016665830094,0.8040635378101175,1.0820514285008311,0.09856046340575718,0.12573793336430106,0.09782095548328436,0.6025170181588856,0.8337089384749504,2.0,60.0,1.2042610308219701
540.0,50.0,1.4886227805565693,0.8549138433129692,1.1317843794424427,0.10844011352455397,0.13542915387922067,0.04076566336434292,0.6945078181514662,0.8816658319885742,2.0,60.0,0.7797980017448677
460.0,50.0,1.489428479986526,0.8776391923316917,1.1426514572123725,0.1150030286071684,0.14250068083927506,0.015267263424633524,0.7115908964442713,0.9001261291339752,2.0,60.0,0.5326169815568662
450.0,50.0,1.489505081034542,0.8804496556690353,1.1434830687169497,0.11594468776385618,0.14353392266573606,0.012113854509662092,0.7137007771780461,0.9018882273292156,2.0,60.0,0.5006774940858931
570.0,10.0,1.4917737704516507,0.551756478008533,0.855713690575892,0.06961864804427496,0.10748466558836177,0.38091567553060734,0.16578561756904645,0.4205479197967095,2.0,60.0,2.396792266010592
550.0,50.0,1.4920880436150918,0.8517756567023649,1.1289817028321043,0.10776183303951903,0.1347220864741981,0.04428678584376906,0.6912432993897576,0.8793240962291099,2.0,60.0,0.814530977280604
700.0,20.0,1.4928488401018518,0.6184166479991114,0.8944115807860615,0.07623937395254372,0.1098441632993981,0.3061213270227609,0.31625952924155587,0.6636340029306476,2.0,60.0,2.491839887674126
580.0,40.0,1.4945178136908925,0.8010644739048033,1.0788475774361765,0.09801707716156491,0.1252369694355455,0.10118597886925952,0.6012464526181069,0.8330365589004508,2.0,60.0,1.2387874824149478
430.0,50.0,1.4947692739595106,0.8881154439770813,1.147547607817566,0.11799340116718361,0.14577506045139244,0.0035126516867409604,0.7169699330402686,0.9077124255745368,2.0,60.0,0.44134790642727234
